"pathway","insect_51_WholeSpecimen","insect_52_WholeSpecimen","insect_53_WholeSpecimen","insect_54_WholeSpecimen","insect_55_WholeSpecimen","insect_56_WholeSpecimen","insect_57_WholeSpecimen","insect_58_WholeSpecimen","insect_59_WholeSpecimen","insect_60_WholeSpecimen","insect_61_WholeSpecimen","insect_62_WholeSpecimen","insect_63_WholeSpecimen","insect_64_WholeSpecimen","insect_65_WholeSpecimen","insect_66_WholeSpecimen","insect_67_WholeSpecimen","insect_68_WholeSpecimen","insect_69_WholeSpecimen","insect_70_WholeSpecimen","mean_abundance","max_abundance","median_abundance","prevalence","prevalence_pct","description","description_lower","category"
"PWY490-3",2389.28829467884,669.757604157452,1654.7766356389,1344.86608728214,7031.59823874538,20.9933622324573,0,14.9976057767818,3053.85824796359,381.20162984432,1506.48164931517,1497.49024268696,2244.35162593086,235.862097682266,431.224465386941,313.925804122315,1856.73760130214,2895.98580406228,233.846725337035,34.4756809189456,1390.58597015324,7031.59823874538,1367.72602871769,22,110,"nitrate reduction VI (assimilatory)","nitrate reduction vi (assimilatory)","Nitrogen Metabolism"
"DENITRIFICATION-PWY",30.6604014104643,193.64960827868,343.072086571443,22.2129106551941,31.9563534687058,1014.38501546686,46.6240917532827,214.25822368421,656.623944032824,87.9985333073556,309.955239827875,542.601320840449,244.549392284039,0,1074.46583975889,4.62981561252704,17238.5878922503,415.861204216936,4237.75245245916,0,1335.49221629396,17238.5878922503,277.252316055957,21,105,"nitrate reduction I (denitrification)","nitrate reduction i (denitrification)","Nitrogen Metabolism"
"PWY-6748",30.6604014104643,0,343.072086571443,22.2129106551941,31.9563534687058,1012.67912178709,46.6240917532827,0,656.623944032824,87.9985333073556,309.955239827875,478.213804468822,184.401174122037,0,1074.46583975889,4.62981561252704,17238.5878922503,415.861204216936,4200.65009633491,0,1306.92962547893,17238.5878922503,247.178206974956,19,95,"nitrate reduction VII (denitrification)","nitrate reduction vii (denitrification)","Nitrogen Metabolism"
"PWY-5675",0,0,0,0,0,0,0,0,0,0,0,0,0,0,0,0,0,0,16.4970790952051,0,0.824853954760254,16.4970790952051,0,3,15,"nitrate reduction V (assimilatory)","nitrate reduction v (assimilatory)","Nitrogen Metabolism"
