"pathway","insect_51_WholeSpecimen","insect_52_WholeSpecimen","insect_53_WholeSpecimen","insect_54_WholeSpecimen","insect_55_WholeSpecimen","insect_56_WholeSpecimen","insect_57_WholeSpecimen","insect_58_WholeSpecimen","insect_59_WholeSpecimen","insect_60_WholeSpecimen","insect_61_WholeSpecimen","insect_62_WholeSpecimen","insect_63_WholeSpecimen","insect_64_WholeSpecimen","insect_65_WholeSpecimen","insect_66_WholeSpecimen","insect_67_WholeSpecimen","insect_68_WholeSpecimen","insect_69_WholeSpecimen","insect_70_WholeSpecimen","mean_abundance","max_abundance","median_abundance","prevalence","prevalence_pct","description","description_lower","category"
"PWY-3841",15977.2330222714,6306.5229186581,9652.31943287684,14827.2965898086,24702.1335922385,23233.4281581229,10730.9577739878,4080.41174889348,28005.4950359127,9173.4568234858,13922.2789700921,23191.7077871532,18424.9690744217,3739.49276995016,20857.4194024883,18436.193740515,47507.49040462,15177.8751157121,25486.4485099863,16454.3106250048,17494.37207481,47507.49040462,16974.3413499074,23,115,"folate transformations II (plants)","folate transformations ii (plants)","One-Carbon Metabolism"
"1CMET2-PWY",15062.210344856,4736.19020551044,8442.57577851121,12375.5367078901,21258.6417866708,12213.6837850169,7696.47180416441,2055.47299172319,24545.0086949325,8007.8558962216,11344.6341894106,13562.9673612441,9999.10383926836,3673.93327444715,14796.0010011129,14848.4607570929,40055.4243420346,5984.9353459825,22225.6888339335,6671.85641614181,12977.8326678083,40055.4243420346,12294.6102464535,23,115,"folate transformations III (E. coli)","folate transformations iii (e. coli)","One-Carbon Metabolism"
"PWY-2201",0,0,0,0,0,0,0,0,0,0,0,126.575357123088,0,0,0,0,0,0,22.4786486945646,0,7.45270029088261,126.575357123088,0,4,20,"folate transformations I","folate transformations i","One-Carbon Metabolism"
